Image_ID,PredictionString
1,0.309839 223.64 191.62 74.23 158.67 0
2,0.347494 222.49 190.41 80.69 155.72 0
3,
4,0.525451 61.76 190.92 155.18 70.10 0 0.259060 93.95 281.00 150.25 63.81 0
5,
6,0.365392 230.31 191.84 82.69 150.51 0
7,
8,
9,
10,
11,
12,
13,
14,
15,
16,0.267036 300.17 126.79 145.24 75.73 0
17,0.277860 303.38 128.21 141.07 74.44 0
18,0.356367 302.05 127.98 143.11 76.28 0
19,0.293868 302.81 128.16 142.59 76.75 0
20,
21,
22,
23,
24,
25,
26,
27,0.287801 107.31 105.05 139.47 90.87 0
28,
29,
30,
31,
32,
33,
34,
35,
36,
37,
38,
39,
40,0.252311 203.17 158.50 139.24 97.16 0
41,
42,
43,
44,
45,
46,
47,
48,
49,
50,
51,
52,
53,
54,
55,0.366878 108.91 64.81 83.64 152.42 0
56,
57,
58,0.318173 61.72 189.36 159.90 83.19 0
59,0.378507 96.67 50.07 149.75 74.36 0
60,
61,
62,
63,
64,
65,
66,0.558421 97.70 97.69 160.33 91.02 0 0.258061 204.98 159.23 142.58 86.39 0
67,
68,0.566760 135.83 105.94 153.99 80.42 0 0.304050 92.16 33.07 142.66 89.03 0
69,0.458786 134.61 107.93 147.83 78.53 0 0.265869 210.69 159.05 136.85 83.99 0
70,0.412288 94.92 37.37 137.02 81.80 0
71,0.315670 96.26 33.06 136.74 85.00 0 0.254305 64.86 188.53 160.05 71.79 0
72,0.336215 93.96 37.51 142.27 88.99 0 0.277204 202.68 157.92 144.44 85.02 0
73,0.378020 66.89 189.83 157.80 68.42 0 0.307143 200.26 160.36 147.78 82.47 0
74,0.371105 69.03 190.00 155.30 71.87 0 0.268329 202.00 156.95 143.93 84.17 0
75,
76,
77,0.277687 211.06 194.53 140.67 92.83 0
78,0.448354 303.75 99.75 146.54 72.40 0
79,
80,
81,0.251003 301.53 103.89 146.08 69.66 0
82,0.401666 300.96 102.30 148.51 69.85 0
83,0.282485 301.50 104.72 152.34 72.29 0
84,
85,0.372997 208.80 204.92 139.34 83.75 0
86,0.545447 212.19 201.66 137.26 87.12 0
87,0.364472 214.07 196.85 139.50 92.44 0 0.350587 95.25 35.84 155.47 80.30 0
88,0.325271 209.81 163.18 140.87 74.28 0 0.252246 211.03 196.52 138.93 89.28 0
89,0.308857 193.06 48.12 113.21 50.69 0 0.268104 210.74 159.40 136.79 81.40 0
90,
91,0.310572 211.82 161.51 135.52 78.93 0 0.283766 69.44 181.42 151.83 68.13 0
92,
93,
94,
95,
96,0.268096 221.92 203.25 139.30 88.93 0
97,0.303996 222.06 203.54 140.52 87.57 0
98,0.426292 65.56 161.11 150.70 94.50 0 0.308432 222.71 205.48 141.55 83.11 0
99,0.819639 62.68 160.28 150.21 94.77 0 0.308358 209.36 196.79 146.02 91.14 0
100,0.303036 223.02 204.96 142.69 85.09 0
101,
102,0.265478 218.48 202.25 144.29 87.55 0
103,0.307916 220.35 203.79 141.35 85.84 0 0.307422 104.77 197.24 131.53 77.68 0 0.272415 63.48 140.04 155.04 73.86 0
104,0.301367 104.60 194.87 133.36 74.28 0
105,0.267625 166.53 62.96 141.75 80.52 0
106,0.294139 222.85 199.18 138.18 92.41 0
107,0.322298 224.85 202.81 139.22 86.74 0
108,0.271202 222.85 203.09 140.13 87.27 0
109,
110,
111,
112,
113,0.283557 226.75 204.08 140.33 86.05 0
114,
115,
116,0.257858 227.51 206.34 140.53 82.47 0
117,
118,0.255184 230.00 208.34 145.43 78.14 0
119,0.273955 230.00 209.59 143.53 76.37 0
120,0.282147 227.18 208.75 146.42 79.09 0
121,
122,
123,0.345281 224.71 207.50 146.59 78.72 0
124,
125,0.370740 226.95 209.69 143.36 76.08 0
126,
127,
128,
129,
130,
131,
132,0.442095 207.07 203.11 143.35 84.03 0
133,0.455315 201.39 198.00 144.96 84.80 0
134,
135,0.376542 209.60 200.82 141.02 88.73 0 0.257654 175.24 63.74 135.07 86.20 0
136,0.259391 174.11 65.02 135.26 86.57 0
137,
138,0.264761 175.02 64.06 135.52 83.16 0
139,0.464748 206.69 202.01 143.55 86.68 0 0.320895 173.36 64.54 134.78 86.71 0
140,
141,0.256109 173.90 62.81 137.05 76.70 0
142,0.274930 170.55 64.20 135.91 87.11 0
143,0.387005 173.18 64.43 135.42 84.36 0
144,0.290292 173.06 65.36 137.87 81.51 0
145,0.383796 207.88 156.29 142.46 72.76 0 0.263279 173.51 63.59 134.32 76.35 0
146,0.301543 205.92 158.63 143.43 72.78 0
147,0.357550 206.60 157.09 143.82 70.23 0 0.251646 171.48 62.70 136.51 78.78 0
148,
149,
150,
151,0.347637 207.28 156.44 141.40 75.07 0 0.322349 175.55 62.72 133.35 76.24 0
152,
153,
154,
155,
156,0.254067 176.80 64.16 142.53 72.17 0
157,0.427408 98.29 151.45 148.68 95.59 0 0.271973 176.90 64.40 138.80 77.02 0
158,0.368386 75.68 230.61 145.05 92.96 0
159,
160,
161,
162,
163,
164,
165,
166,
167,0.462878 94.81 165.14 147.34 90.54 0
168,0.738761 98.02 163.64 146.41 95.44 0
169,0.757044 99.43 167.14 144.88 89.56 0
170,0.293452 91.36 163.75 155.63 95.55 0
171,0.310528 205.40 158.55 141.17 81.83 0 0.277656 133.99 112.02 150.53 71.10 0 0.254171 162.66 139.09 149.41 65.12 0
172,
173,
174,
175,
176,0.274488 447.32 161.39 88.13 151.53 0
177,0.277007 446.88 160.18 85.82 147.82 0
178,
179,0.322034 60.44 221.40 167.43 89.03 0
180,
181,
182,
183,0.267395 196.99 161.56 155.95 83.42 0
184,
185,0.272116 198.95 161.76 151.74 84.94 0
186,
187,0.304276 205.19 161.27 145.70 81.92 0
188,
189,
190,
191,
192,
193,0.421530 207.78 161.47 144.67 68.91 0
194,0.299868 196.39 161.82 157.68 68.08 0
195,
196,0.269991 201.90 159.00 150.10 78.49 0
197,0.451994 202.13 159.72 148.57 78.97 0 0.296716 96.06 168.42 155.24 87.06 0
198,
199,
200,0.356478 200.76 159.85 152.04 73.79 0
201,0.348732 201.90 157.86 151.27 75.59 0
202,0.282111 206.80 159.23 147.42 75.59 0
203,0.416051 206.55 159.07 145.18 74.65 0
204,0.268809 205.36 159.05 149.23 73.57 0
205,
206,
207,
208,
209,
210,
211,
212,
213,0.300508 194.20 158.86 146.31 80.50 0
214,
215,
216,
217,
218,0.340613 176.60 256.51 150.25 93.11 0
219,
220,
221,0.310448 198.86 160.08 145.95 80.50 0
222,0.447915 195.94 159.40 148.26 86.34 0
223,0.333956 197.68 157.65 147.88 86.91 0
224,0.399635 151.71 233.80 168.08 76.87 0 0.360687 200.88 158.72 147.74 82.97 0
225,0.583957 157.18 224.72 163.01 79.50 0
226,
227,0.326034 133.41 231.30 149.64 77.17 0
228,0.382719 135.67 231.84 150.99 77.16 0
229,
230,
231,0.353368 132.81 234.35 153.88 82.59 0
232,
233,
234,0.409949 95.13 225.06 154.57 94.14 0 0.256516 197.86 159.75 142.92 80.89 0
235,0.377210 90.67 224.43 156.45 95.54 0 0.318643 197.07 156.85 148.15 80.45 0
236,0.327320 91.11 220.43 155.16 100.43 0
237,
238,
239,
240,
241,
242,
243,
244,
245,0.262505 196.33 158.28 146.65 88.53 0
246,0.277277 196.84 159.75 146.29 87.01 0
247,0.446025 197.14 161.05 145.11 87.41 0
248,
249,
250,
251,0.284386 101.94 225.08 149.92 92.76 0
252,0.658230 96.41 226.15 151.17 89.85 0
253,0.614930 96.39 225.77 152.16 90.21 0
254,0.657703 97.57 226.24 150.68 89.76 0
255,0.572924 96.43 225.35 152.65 91.43 0
256,0.597884 93.48 225.36 153.13 91.47 0
257,
258,
259,
260,
261,
262,
263,
264,
265,
266,0.383673 194.92 153.13 146.01 97.82 0 0.262831 158.46 134.48 151.31 81.68 0
267,0.335699 196.36 154.59 143.66 93.77 0
268,
269,0.269060 154.23 131.25 157.97 87.47 0 0.250503 192.50 152.75 145.11 97.67 0
270,
271,
272,
273,
274,
275,
276,
277,
278,
279,
280,
281,
282,
283,0.334164 135.59 203.55 149.38 82.10 0
284,0.277323 132.11 204.51 152.66 80.55 0
285,
286,
287,
288,
289,0.306581 91.98 223.79 158.84 93.16 0
290,
291,
292,0.399189 211.30 65.34 105.10 81.51 0
293,
294,
295,
296,
297,
298,
299,
300,
301,
302,0.329341 94.38 223.44 155.72 93.50 0
303,
304,
305,
306,
307,0.386955 76.09 179.62 144.64 74.85 0
308,0.432820 75.54 180.52 145.23 73.08 0
309,0.326967 73.46 180.97 146.43 71.95 0
310,0.484843 74.28 174.91 146.01 81.42 0
311,0.478702 75.18 175.41 144.84 80.67 0 0.259215 99.89 115.11 148.58 71.18 0
312,0.352628 73.21 176.21 145.45 77.87 0
313,0.336503 73.82 176.10 146.47 78.29 0
314,
315,
316,
317,0.257131 227.85 94.93 99.80 52.06 0 0.252342 192.07 163.72 153.83 83.68 0
318,
319,
320,0.304100 101.91 111.82 153.91 78.63 0
321,
322,0.320418 129.61 129.74 89.41 157.02 0 0.254454 233.53 138.24 142.36 81.38 0
323,
324,0.336202 191.50 201.69 72.38 155.38 0
325,0.286059 230.90 141.67 147.16 81.03 0
326,0.336636 231.30 142.12 146.02 80.38 0 0.276621 189.32 216.53 80.65 150.50 0
327,0.293044 191.36 201.49 71.97 154.55 0 0.279281 231.13 141.89 145.84 80.52 0
328,
329,
330,
331,
332,
333,
334,
335,
336,
337,
338,
339,
340,
341,
342,
343,
344,
345,
346,0.346854 138.52 190.07 81.49 155.67 0
347,
348,
349,
350,
351,0.331675 208.44 186.00 130.99 96.61 0
352,0.279815 210.18 188.42 129.56 94.36 0
353,0.435301 211.58 192.42 131.81 82.11 0
354,
355,
356,0.315299 166.99 62.83 147.13 66.67 0
357,0.289492 170.03 62.60 148.57 69.12 0
358,0.424567 171.99 62.10 144.39 70.90 0
359,0.334192 172.53 62.28 144.23 72.51 0
360,0.476294 171.53 61.78 143.97 66.63 0 0.293708 236.21 130.23 144.01 93.88 0
361,0.303593 173.33 61.45 144.13 66.77 0
362,0.320357 173.29 61.81 144.05 65.68 0
363,0.333519 173.23 61.87 144.22 65.17 0
364,0.351179 173.57 62.38 143.33 65.29 0
365,0.425566 171.91 61.42 143.68 64.33 0
366,0.397262 171.64 60.90 145.63 65.82 0
367,0.375962 170.73 61.38 146.51 65.16 0
368,0.375777 169.97 61.30 145.69 65.84 0
369,0.338560 168.74 60.73 147.42 66.12 0
370,0.349345 168.93 60.91 146.93 67.57 0
371,0.374192 170.03 61.12 147.91 66.75 0
372,0.392032 170.88 61.39 146.51 65.77 0
373,0.390222 168.72 60.71 148.90 66.65 0
374,0.288246 169.05 60.44 148.25 65.16 0
375,0.343355 167.84 61.57 146.72 65.03 0
376,0.387764 166.09 61.10 147.06 65.25 0 0.253836 66.83 176.49 149.30 73.38 0
377,0.267571 166.86 60.58 148.57 64.58 0
378,0.319924 166.51 60.86 148.75 65.53 0
379,0.393755 167.96 60.87 146.94 65.69 0
380,0.531999 164.83 61.21 149.22 65.65 0
381,0.407680 165.56 61.43 148.36 65.15 0
382,0.492415 166.10 61.29 149.56 65.52 0
383,0.378677 166.79 61.90 149.04 67.26 0
384,0.368824 130.22 234.28 150.10 81.68 0
385,
386,
387,0.250443 189.03 195.43 146.34 87.71 0
388,
389,
390,0.276538 123.00 256.95 153.03 91.38 0
391,0.365576 135.06 182.86 151.09 70.84 0
392,
393,
394,0.459487 91.87 197.82 152.07 86.21 0
395,0.342683 64.65 167.93 152.34 83.88 0
396,0.482788 64.94 164.72 153.06 84.82 0
397,0.366912 59.94 167.78 156.61 82.13 0 0.265607 164.32 60.41 152.40 67.52 0
398,0.429111 199.29 202.68 142.79 79.17 0 0.361214 63.18 167.50 151.98 79.51 0 0.299147 67.36 38.57 133.05 92.12 0
399,0.334947 92.92 203.56 155.92 78.44 0 0.275371 63.90 162.76 149.88 80.03 0 0.258808 194.09 165.85 141.98 92.92 0
400,0.504023 99.91 228.29 149.08 85.96 0 0.489165 190.70 168.12 143.24 88.73 0 0.253924 62.89 164.46 147.32 76.50 0
401,0.436595 102.14 229.15 149.14 79.64 0 0.429032 64.31 163.91 150.13 77.92 0 0.390785 194.69 167.35 142.48 84.47 0 0.353963 98.79 110.79 143.44 78.05 0
402,0.416625 62.52 164.28 150.68 80.33 0 0.327833 198.54 166.98 139.95 83.30 0 0.270910 99.62 227.45 153.08 84.01 0
403,0.434580 65.35 166.37 149.25 76.20 0 0.279030 203.39 166.17 142.54 80.24 0 0.270265 91.97 206.17 152.73 79.00 0
404,0.288277 98.69 111.75 141.23 79.39 0 0.286529 61.34 163.57 149.78 77.57 0
405,0.283068 62.59 163.29 148.27 77.24 0 0.254604 101.77 233.70 151.47 75.17 0
406,0.250515 99.11 114.31 147.73 75.20 0
407,0.575445 60.03 163.62 151.13 87.37 0
408,0.593036 61.98 166.92 151.47 83.31 0
409,0.258883 63.20 164.84 152.96 80.26 0
410,0.505913 135.85 223.35 160.77 87.77 0 0.262999 64.44 167.17 156.50 81.96 0
411,0.464770 64.67 166.54 153.20 85.49 0 0.423044 188.86 219.29 156.81 96.20 0
412,0.712536 65.18 166.63 155.36 88.13 0 0.275536 68.14 38.14 131.93 88.69 0 0.264610 203.53 209.82 141.64 73.40 0
413,0.719621 63.29 163.57 155.39 92.57 0
414,0.623023 62.31 162.05 158.03 94.23 0
415,0.541592 64.15 168.47 155.12 88.47 0
416,0.627370 65.61 169.05 151.99 87.49 0 0.328675 65.22 39.02 133.26 89.97 0
417,0.572924 60.44 165.56 158.91 91.03 0 0.256332 67.29 40.05 133.37 86.12 0
418,0.399580 68.69 165.98 153.87 92.48 0
419,0.602038 60.64 164.89 156.13 92.00 0
420,0.412651 66.09 166.72 154.69 90.49 0
421,0.404584 62.39 162.00 157.52 97.48 0
422,0.715223 66.55 161.94 154.74 97.51 0
423,0.394919 63.24 162.03 158.57 96.63 0 0.305541 209.50 232.03 160.64 80.79 0
424,0.670098 71.11 163.00 151.37 98.97 0
425,0.491492 77.73 163.86 144.33 101.14 0
426,0.356638 66.57 161.54 154.97 103.55 0
427,0.351929 71.32 160.65 152.46 104.59 0
428,0.381051 69.72 160.05 153.10 105.57 0
429,0.336266 64.89 157.88 155.39 111.50 0
430,0.410726 71.86 166.23 144.57 96.30 0
431,0.434174 73.27 166.00 144.30 96.43 0
432,0.339038 80.00 162.31 140.57 103.85 0 0.296771 355.94 166.48 153.69 87.17 0
433,0.499544 74.04 161.10 149.16 103.50 0
434,0.440741 72.88 161.57 149.80 103.05 0
435,0.617186 73.35 163.35 149.15 99.19 0
436,0.544411 71.03 162.58 152.37 100.27 0
437,0.269317 71.18 161.34 151.90 102.41 0
438,0.251828 70.58 159.65 150.99 104.84 0
439,0.365015 71.43 160.40 151.83 104.08 0
440,0.333384 68.60 159.86 154.99 106.60 0
441,0.499482 70.85 160.57 152.43 106.26 0
442,0.320013 222.96 238.37 150.39 77.23 0 0.316951 197.36 158.45 147.45 87.36 0
443,0.324493 198.77 158.06 144.52 90.43 0
444,0.413480 199.49 156.27 141.13 90.93 0
445,0.386588 203.10 160.63 138.89 93.59 0
446,0.254197 304.21 94.67 168.20 93.30 0
447,
448,0.337479 67.15 165.06 157.02 96.92 0
449,0.400904 68.46 168.31 155.22 92.25 0
450,0.373439 65.22 166.67 157.19 94.58 0
451,0.460426 198.32 157.79 144.43 91.17 0 0.396504 59.71 166.02 157.41 92.43 0
452,0.692591 196.68 163.05 141.97 90.09 0 0.393510 62.43 165.54 157.38 93.13 0
453,0.609980 196.52 163.28 144.34 88.75 0 0.496282 73.04 168.02 148.75 92.61 0
454,0.567144 199.44 164.37 144.27 90.44 0 0.461945 68.06 166.80 152.40 93.15 0
455,0.294771 199.66 166.82 141.73 89.85 0
456,0.389656 202.64 162.90 138.72 89.51 0
457,0.487333 207.49 162.42 140.23 85.12 0
458,0.382484 199.77 162.83 141.96 82.86 0
459,0.614992 200.25 163.98 142.23 89.31 0
460,0.564371 197.64 166.57 146.72 79.98 0 0.266189 90.41 203.06 152.50 84.42 0
461,
462,0.547150 197.63 166.83 139.26 84.02 0
463,0.530417 193.12 163.94 141.89 81.71 0 0.301287 91.69 205.65 151.09 80.77 0
464,0.295043 91.96 205.99 149.82 80.84 0 0.276746 187.75 159.05 143.56 89.24 0
465,0.340516 91.86 203.24 152.68 82.73 0 0.277030 191.12 159.43 141.53 87.06 0
466,0.516479 191.68 163.69 143.78 83.12 0
467,0.436727 194.89 166.84 143.49 82.91 0
468,0.422024 195.29 167.24 143.15 84.34 0
469,0.437048 198.74 167.56 144.19 83.60 0
470,0.511408 195.64 166.85 143.75 83.70 0
471,0.561658 193.45 164.15 145.27 82.95 0
472,0.509017 194.29 164.79 146.52 79.97 0 0.326610 91.56 201.70 150.28 83.95 0
473,0.655384 194.49 165.48 146.35 83.31 0 0.321977 171.56 61.52 146.27 83.11 0
474,0.441627 192.29 164.99 145.56 84.39 0 0.325981 90.07 202.36 151.14 84.25 0
475,0.439735 188.89 161.63 151.59 81.67 0 0.258934 90.25 202.51 149.89 83.92 0
476,
477,0.292703 200.94 160.97 144.08 78.56 0 0.254902 98.18 220.09 148.27 87.54 0
478,
479,
480,
481,
482,0.252903 89.74 197.80 161.54 79.58 0
483,
484,
485,0.489964 160.12 270.61 152.88 71.63 0
486,
487,
488,
489,
490,0.283275 140.93 264.22 156.46 88.96 0
491,
492,
493,
494,
495,
496,
497,0.253361 140.79 261.89 157.55 90.52 0
498,
499,
500,
501,0.302741 145.84 261.67 153.26 90.11 0
502,0.279971 145.19 266.42 149.02 90.85 0
503,0.309382 144.55 263.95 150.84 90.59 0 0.254371 203.82 184.69 141.07 62.82 0
504,0.294198 145.53 263.02 150.69 89.96 0 0.258529 204.54 182.10 141.30 66.31 0
505,0.293034 146.11 262.79 148.32 89.19 0
506,0.360867 145.22 261.07 148.91 88.88 0
507,0.369090 146.04 262.05 148.88 87.65 0
508,0.313135 146.18 261.83 149.23 87.26 0
509,0.460841 202.07 188.63 151.58 95.12 0 0.263127 146.35 264.00 149.61 91.43 0
510,0.356844 199.05 185.25 151.86 87.99 0 0.328383 145.51 263.57 151.27 90.28 0
511,0.358946 146.33 263.65 148.71 89.46 0 0.310072 201.96 189.14 145.67 91.62 0
512,
513,0.283550 207.43 186.48 144.50 88.88 0
514,
515,
516,
517,0.461490 145.99 263.87 150.28 90.75 0
518,0.371952 146.05 264.70 152.75 89.58 0
519,
520,0.281388 146.88 266.84 150.91 87.69 0
521,0.338293 150.84 137.23 165.20 86.73 0
522,0.297490 141.80 135.53 140.67 90.78 0 0.291166 145.09 267.18 151.99 90.40 0
523,0.370243 145.03 266.82 150.11 89.85 0 0.302460 135.44 134.45 141.40 86.02 0
524,0.450233 143.89 267.25 152.76 89.41 0 0.271092 138.53 135.76 140.28 82.34 0
525,0.453644 143.87 266.75 152.40 90.20 0 0.319112 197.91 188.93 149.39 92.03 0
526,0.411984 134.09 133.10 138.17 88.14 0 0.384938 145.31 267.40 149.11 89.44 0
527,0.329992 144.65 268.19 150.52 88.59 0 0.311726 134.76 131.65 138.15 86.40 0
528,0.383994 134.39 131.76 135.87 88.04 0 0.341948 144.57 267.42 149.46 89.43 0
529,0.514214 130.96 129.92 137.36 86.76 0
530,0.369244 132.46 129.65 134.65 90.09 0
531,0.404138 137.26 130.75 133.60 90.50 0
532,
533,0.260120 93.06 131.61 159.46 88.31 0 0.250968 144.72 267.50 152.98 89.82 0
534,0.390679 143.56 266.16 152.26 89.55 0
535,0.393750 144.44 266.84 152.48 88.51 0
536,0.470714 92.43 129.95 158.21 83.11 0 0.274368 144.15 266.73 154.65 90.93 0
537,0.274731 145.22 265.89 152.95 89.55 0
538,0.337700 145.00 266.17 150.34 89.69 0
539,0.281254 144.60 266.85 153.52 90.55 0
540,0.304362 144.49 266.65 153.51 89.62 0
541,0.380409 144.54 265.83 152.86 90.90 0
542,
543,
544,0.310259 143.62 264.60 153.78 93.69 0
545,0.317531 144.04 264.83 154.26 93.06 0
546,0.289088 144.03 265.37 153.70 92.63 0
547,0.323811 70.81 129.54 159.82 88.61 0 0.253235 144.81 265.49 151.24 92.04 0
548,0.409863 145.83 265.11 147.51 90.21 0
549,
550,
551,
552,
553,0.328593 62.97 128.68 162.91 87.41 0
554,
555,
556,
557,0.253265 326.67 233.04 153.33 75.93 0
558,
559,0.261556 143.04 263.57 156.91 91.85 0
560,
561,0.272192 145.05 264.71 153.76 91.36 0
562,0.269304 144.47 265.20 152.76 90.47 0
563,
564,
565,
566,
567,
568,
569,
570,
571,
572,
573,
574,
575,
576,
577,
578,
579,
580,
581,
582,
583,
584,
585,
586,
587,
588,
589,
590,
591,
592,
593,
594,
595,0.251734 203.36 192.90 141.32 93.26 0
596,
597,
598,
599,
600,0.299543 87.66 129.73 166.13 80.91 0
601,
602,0.354099 89.87 130.48 162.61 80.80 0
603,0.279315 90.63 130.81 161.47 81.51 0
604,0.253642 90.41 131.82 161.47 80.69 0
605,0.261856 90.03 130.51 163.27 80.30 0
606,0.289640 90.45 129.56 163.21 80.39 0
607,0.333889 88.36 129.34 164.35 80.62 0
608,0.274309 89.14 129.96 161.15 82.69 0
609,0.258994 90.20 129.13 161.33 79.76 0
610,
611,
612,
613,
614,
615,0.466824 61.64 124.86 155.66 91.79 0
616,
617,
618,
619,
620,
621,
622,
623,
624,
625,0.264077 64.33 124.12 158.48 94.99 0
626,0.442907 63.35 124.93 162.54 95.95 0
627,0.454284 62.93 123.67 165.34 97.07 0
628,0.373896 61.06 125.81 166.78 95.18 0 0.280177 100.69 105.13 144.56 87.31 0
629,0.313961 100.61 104.07 146.11 86.51 0 0.307917 60.46 125.20 165.05 95.64 0
630,0.305143 102.24 103.49 145.47 88.99 0 0.266852 61.00 127.33 165.24 95.68 0
631,
632,0.320357 60.49 126.27 166.23 94.75 0 0.253127 100.44 104.21 144.57 87.52 0
633,0.293037 62.36 126.69 167.25 94.82 0
634,0.451711 100.49 106.31 144.19 86.93 0
635,
636,0.284389 88.89 127.70 155.26 90.05 0
637,0.320117 87.67 129.72 156.90 89.99 0
638,0.323220 86.76 128.80 159.02 89.95 0
639,0.286380 86.71 128.88 158.74 89.64 0
640,0.334849 88.43 127.10 154.91 89.74 0
641,0.267018 87.78 128.23 154.37 94.62 0
642,0.265173 65.39 129.18 164.62 92.91 0
643,0.339425 89.94 128.95 150.62 98.41 0
644,0.288079 208.79 200.88 144.10 87.88 0
645,0.374319 208.58 202.95 142.28 84.18 0
646,0.298877 208.83 204.74 142.86 83.06 0 0.261013 87.10 129.93 157.18 93.23 0
647,0.412616 88.64 130.91 157.62 93.94 0 0.354191 208.47 206.58 138.64 81.51 0
648,0.416265 209.62 206.79 141.45 82.78 0 0.305096 99.90 130.00 153.26 87.37 0
649,0.437333 136.68 127.65 148.53 95.17 0 0.358879 217.37 206.92 133.31 81.36 0
650,
651,
652,
653,0.280983 208.03 206.70 141.42 81.58 0
654,
655,
656,
657,0.447506 211.33 203.29 136.90 87.14 0
658,0.381036 214.01 202.90 136.02 87.06 0
659,0.423428 210.25 200.70 136.46 89.54 0
660,0.313810 213.04 198.91 132.50 90.86 0
661,
662,0.350713 209.15 201.83 143.01 89.98 0
663,0.342025 205.93 201.43 144.91 89.08 0
664,0.345846 208.38 192.66 137.32 90.58 0
665,0.457289 201.48 192.53 145.31 90.64 0
666,0.278116 205.64 192.17 141.77 97.71 0
667,0.454313 203.88 197.06 148.86 96.70 0
668,0.444813 205.39 199.58 147.89 91.89 0
669,0.290359 205.92 199.83 149.05 89.24 0
670,
671,
672,
673,
674,
675,
676,0.508596 198.21 192.95 152.95 92.25 0 0.265960 93.65 225.37 146.13 84.37 0
677,0.332268 205.79 204.64 144.63 81.51 0 0.262989 94.96 223.28 143.74 85.27 0
678,0.306656 206.72 210.83 141.12 72.89 0 0.304910 95.02 221.66 144.44 81.73 0
679,0.437885 206.82 207.69 142.60 78.47 0
680,
681,0.265524 204.37 201.28 148.28 85.06 0
682,
683,0.270529 206.78 208.04 144.93 79.27 0
684,0.441929 210.82 208.10 139.74 78.20 0
685,0.473140 207.54 212.01 141.77 73.62 0
686,0.420110 207.09 210.09 142.47 76.84 0
687,
688,
689,0.512608 203.38 206.53 144.08 82.46 0
690,0.303882 200.94 210.94 142.87 75.57 0
691,0.362152 199.88 210.37 144.61 76.47 0
692,0.428082 201.45 210.27 144.98 77.59 0
693,0.396649 200.58 209.31 147.66 76.56 0
694,0.365217 199.83 208.96 147.35 78.12 0
695,
696,0.460754 201.35 211.82 143.32 74.28 0 0.288718 210.50 136.93 137.17 83.31 0
697,0.250354 199.62 212.10 144.72 72.97 0
698,
699,
700,0.350769 181.39 61.27 132.80 91.40 0 0.270196 198.14 214.38 151.76 67.40 0
701,0.270499 185.39 159.46 147.19 73.21 0
702,
703,0.432322 168.73 63.32 136.57 79.79 0
704,0.565777 168.33 62.63 137.35 80.04 0 0.350653 193.36 161.23 146.50 69.25 0 0.258774 89.44 230.93 157.64 85.81 0
705,0.546623 168.06 62.92 136.73 83.40 0 0.368289 192.79 163.03 148.54 70.10 0 0.271543 89.46 231.42 158.64 85.93 0
706,0.460741 166.25 62.97 137.80 82.04 0 0.413704 193.42 163.61 148.87 70.37 0 0.402055 90.44 230.13 156.47 87.09 0 0.304404 192.37 204.49 156.88 76.83 0
707,0.487215 167.31 63.68 137.19 80.42 0 0.348832 189.92 165.32 146.67 71.97 0 0.340759 93.65 236.17 151.29 82.38 0
708,0.600298 167.00 64.19 136.07 83.89 0 0.567745 187.69 160.97 150.38 74.14 0 0.410802 93.66 232.60 152.37 85.89 0
709,0.703502 167.78 64.26 137.95 83.15 0 0.298491 90.15 231.22 155.05 86.98 0 0.290463 188.32 162.85 146.99 72.26 0
710,0.696380 169.02 64.11 137.53 81.52 0
711,0.546599 168.21 63.43 138.69 81.49 0 0.251095 92.43 232.08 154.25 86.10 0
712,0.526556 168.20 62.92 139.74 80.14 0 0.293878 92.25 231.02 153.21 87.71 0
713,0.556062 168.22 63.30 138.58 80.22 0 0.284902 187.47 161.46 145.50 75.89 0
714,0.652637 168.74 63.30 138.60 83.46 0 0.406350 189.93 163.04 146.27 77.34 0 0.267818 91.42 231.29 153.40 88.47 0
715,0.608937 168.73 62.79 139.17 80.48 0 0.313388 91.38 233.09 151.32 87.05 0
716,0.645579 167.03 62.93 141.32 80.08 0 0.613839 191.17 160.76 144.06 85.66 0
717,0.455323 167.06 62.94 141.18 78.34 0 0.295978 194.37 161.53 140.18 89.62 0
718,0.731137 169.01 62.74 138.71 80.20 0
719,0.618204 167.65 62.87 140.80 78.03 0
720,0.638508 167.82 62.92 140.00 77.68 0
721,0.543875 169.21 62.56 139.87 76.15 0
722,0.520872 168.86 62.73 139.79 78.83 0 0.335616 94.37 235.14 150.71 83.49 0 0.315247 189.31 161.36 145.08 82.26 0
723,0.554899 168.40 62.07 141.16 80.77 0 0.507703 190.16 161.53 146.12 84.99 0
724,0.499754 188.04 161.73 147.52 83.42 0 0.400445 166.11 64.39 139.37 79.82 0 0.302788 93.43 234.29 151.03 84.04 0
725,
726,
727,0.390931 191.48 159.89 145.32 94.33 0
728,0.282909 167.52 95.35 145.09 100.40 0
729,
730,
731,0.300123 193.13 198.69 81.85 155.97 0
732,
733,
734,0.259044 204.57 158.65 136.08 98.40 0
735,0.285352 199.44 159.33 137.75 94.34 0
736,0.492440 97.51 124.92 157.11 97.54 0 0.381206 197.27 160.37 143.32 92.43 0
737,
738,0.379680 201.57 159.56 136.35 93.47 0
739,0.579967 62.05 131.32 154.97 89.73 0
740,0.516236 64.79 130.32 153.11 89.47 0
741,0.389379 67.78 128.93 150.78 86.97 0 0.309555 199.23 150.54 132.05 108.33 0
742,0.534690 64.74 128.53 156.45 88.44 0 0.349654 199.13 157.94 133.62 97.23 0
743,0.443219 202.00 157.53 134.60 90.89 0 0.279433 64.81 133.64 156.05 85.72 0
744,0.460994 202.95 158.82 137.66 93.04 0 0.267293 63.50 130.59 157.35 87.58 0
745,0.691372 62.37 128.82 157.79 87.74 0
746,0.595779 62.77 131.88 156.59 88.22 0
747,0.553707 61.93 133.08 160.00 87.88 0
748,0.625974 61.06 134.18 156.79 85.33 0
749,0.545280 59.64 131.25 159.65 88.03 0
750,0.679728 61.48 130.95 158.58 86.26 0
751,0.393119 64.67 131.23 158.47 85.85 0
752,0.410004 65.64 130.90 157.56 84.53 0
753,0.360382 64.81 131.38 158.19 85.06 0
754,0.381659 67.92 130.91 155.74 82.42 0
755,0.317452 69.14 132.27 153.64 82.94 0
756,0.368754 66.58 138.00 154.65 81.35 0 0.308477 159.98 69.88 156.33 68.56 0
757,
758,
759,0.303615 101.76 32.01 139.67 89.96 0
760,
761,0.484643 88.26 124.47 152.88 88.48 0
762,0.349422 91.67 122.28 154.07 88.95 0
763,0.473321 88.48 129.46 157.50 82.32 0
764,0.269159 68.80 133.77 158.54 84.82 0
765,0.282934 86.34 129.91 149.35 90.01 0
766,
767,0.417183 69.06 131.71 162.33 86.74 0
768,0.383911 72.35 135.34 157.72 81.72 0
769,
770,
771,
772,0.348755 67.00 136.05 160.56 80.17 0
773,0.299874 71.17 133.47 160.75 84.18 0
774,
775,0.640301 65.20 98.76 144.01 91.87 0 0.251092 200.07 151.05 147.75 100.65 0
776,0.523989 67.36 98.41 147.43 92.17 0
777,
778,
779,
780,0.254847 78.68 54.59 110.69 65.98 0
781,
782,
783,
784,
785,
786,
787,
788,
789,
790,
791,
792,
793,
794,
795,
796,
797,
798,
799,
800,
801,
802,
803,
804,
805,
806,
807,
808,
809,
810,
811,
812,
813,
814,
815,
816,
817,
818,
819,
820,
821,
822,
823,
824,
825,
826,
827,
828,
829,
830,
831,0.272411 77.55 46.22 131.12 80.90 0
832,
833,
834,
835,0.281954 198.11 153.09 148.30 103.84 0
836,
837,
838,
839,
840,
841,
842,
843,0.329419 205.01 148.45 134.28 107.36 0
844,0.379893 207.96 152.15 134.29 107.22 0
845,0.389322 204.28 155.55 135.87 105.41 0 0.291097 72.32 45.62 131.44 80.24 0
846,0.406823 204.54 151.34 138.19 110.43 0
847,
848,0.261525 209.15 156.79 132.68 109.36 0
849,0.258666 72.35 45.61 132.37 80.17 0
850,
851,
852,0.267441 74.30 43.48 133.92 83.23 0
853,0.255953 73.18 44.00 136.08 81.94 0
854,0.279132 72.96 44.44 137.44 81.36 0
855,0.358197 61.27 130.74 165.19 90.38 0 0.328525 65.84 42.41 136.46 80.71 0
856,
857,
858,
859,0.458391 63.81 134.24 161.57 85.34 0
860,0.695683 64.25 131.04 157.92 88.33 0
861,0.719080 62.79 131.04 158.84 89.89 0
862,0.674792 65.12 133.93 155.86 86.72 0
863,0.382379 63.58 139.02 162.38 81.93 0
864,0.479636 66.86 133.33 159.43 88.64 0
865,0.409909 65.37 132.14 163.85 89.92 0
866,
867,0.276767 79.48 128.02 152.45 94.06 0
868,0.411887 81.17 126.23 164.42 93.17 0
869,0.357355 82.17 125.36 164.40 90.98 0
870,0.430160 73.47 128.20 160.57 93.44 0
871,0.520772 73.53 128.59 161.40 90.53 0
872,0.421706 67.77 128.14 169.53 90.81 0
873,0.521390 67.32 126.19 171.62 92.39 0
874,0.452508 66.91 125.31 171.55 91.17 0
875,0.500985 69.25 126.25 166.53 91.73 0
876,0.644565 77.57 127.77 153.82 91.69 0
877,0.511948 68.78 123.48 163.51 94.39 0
878,
879,
880,
881,
882,
883,
884,
885,
886,0.278679 72.92 43.39 134.60 84.67 0
887,0.264637 70.76 42.79 133.95 85.06 0
888,0.285742 72.19 42.27 133.52 85.31 0
889,0.263341 73.76 43.35 132.45 84.27 0
890,0.295508 71.49 42.10 134.54 85.23 0
891,0.376911 73.35 43.06 135.97 83.67 0
892,0.369656 74.44 43.29 134.25 83.54 0
893,
894,
895,
896,
897,
898,
899,
900,
901,0.262549 62.74 126.20 161.79 95.55 0
902,0.291802 61.54 125.10 160.99 97.03 0
903,
904,0.319027 204.76 157.83 144.73 94.71 0
905,
906,0.278008 206.80 162.86 138.17 92.37 0
907,
908,
909,
910,
911,0.256051 64.11 163.74 160.20 76.19 0
912,0.328156 59.30 161.39 162.49 82.12 0 0.266435 221.36 171.31 142.30 82.07 0
913,0.335276 59.41 163.88 161.59 82.68 0 0.269345 219.47 167.15 148.54 82.81 0
914,0.298883 64.35 164.44 157.10 84.79 0
915,
916,0.343424 59.41 166.28 160.86 81.80 0
917,0.359629 59.03 165.14 160.41 83.43 0
918,0.445686 202.58 160.47 143.83 95.90 0 0.307414 58.87 166.57 161.28 82.97 0
919,0.348330 60.33 164.06 160.32 86.00 0 0.322677 202.36 164.68 136.73 94.39 0
920,0.360414 59.89 163.36 160.42 86.13 0
921,0.369588 59.21 162.42 160.73 86.80 0
922,0.334300 60.18 161.28 161.31 88.80 0 0.278873 205.53 160.46 139.15 96.01 0
923,0.257755 199.85 164.90 148.36 93.40 0
924,0.346666 199.79 168.90 146.41 87.26 0
925,
926,0.326439 198.46 163.77 143.67 95.79 0
927,0.322266 204.40 166.21 146.21 92.43 0
928,0.252725 202.23 166.21 139.21 92.41 0
929,0.263783 204.59 167.10 142.60 91.56 0
930,0.296980 206.18 167.88 143.70 92.19 0
931,
932,
933,
934,
935,0.306191 204.85 166.48 145.17 89.41 0
936,0.353788 204.65 165.72 147.43 90.56 0
937,0.259237 201.81 165.98 144.42 90.26 0
938,
939,
940,
941,
942,0.366558 204.32 165.20 143.05 93.68 0
943,0.523200 204.14 167.29 146.84 89.59 0
944,
945,0.265685 206.54 170.50 138.01 87.81 0
946,
947,
948,
949,
950,
951,
952,
953,
954,
955,
956,
957,
958,
959,
960,
961,
962,
963,
964,
965,
966,0.271982 72.99 163.03 159.63 89.65 0
967,
968,0.303251 70.85 163.26 160.55 91.52 0
969,0.299674 71.49 163.01 158.24 92.66 0
970,0.344419 70.69 161.91 158.00 92.79 0
971,0.262329 68.51 161.07 158.90 88.96 0
972,0.278800 69.03 159.52 158.69 90.64 0
973,
974,
975,
976,
977,
978,
979,
980,
981,
982,
983,
984,
985,0.353441 451.05 176.00 150.62 68.15 0
986,
987,
988,
989,
990,
991,
992,
993,
994,
995,
996,
997,
998,0.253067 449.67 174.03 150.79 71.39 0
999,
1000,
1001,
1002,0.316648 168.13 128.67 75.45 150.18 0
1003,0.357098 167.80 128.33 75.61 149.73 0
1004,0.291288 166.39 129.42 74.11 147.48 0
1005,
1006,
1007,
1008,
1009,
1010,
1011,
1012,
1013,
1014,
1015,
1016,
1017,
1018,
1019,
1020,
1021,
1022,
1023,
1024,
1025,
1026,
1027,
1028,
1029,0.260538 449.69 175.48 150.28 69.78 0
1030,
1031,
1032,
1033,
1034,
1035,
1036,
1037,
1038,
1039,
1040,
1041,
1042,
1043,
1044,
1045,
1046,
1047,
1048,
1049,
1050,
1051,
1052,
1053,
1054,
1055,
1056,
1057,
1058,
1059,
1060,
1061,
1062,
1063,
1064,
1065,
1066,
1067,
1068,
1069,
1070,
1071,
1072,
1073,
1074,
1075,
1076,
1077,
1078,0.266278 452.11 176.71 150.74 68.22 0
1079,
1080,
1081,
1082,0.250077 452.37 175.80 150.28 68.98 0
1083,
1084,
1085,
1086,
1087,
1088,
1089,
1090,
1091,
1092,
1093,
1094,
1095,
1096,
1097,
1098,
1099,
1100,
1101,
1102,
1103,
1104,
1105,
1106,
1107,
1108,
1109,
1110,
1111,
1112,
1113,
1114,
1115,
1116,
1117,
1118,
1119,
1120,
1121,
1122,
1123,
1124,
1125,
1126,
1127,
1128,
1129,
1130,0.288296 138.43 229.04 136.49 79.65 0
1131,
1132,
1133,
1134,
1135,
1136,
1137,
1138,
1139,
1140,
1141,
1142,
1143,
1144,
1145,
1146,
1147,
1148,
1149,
1150,
1151,
1152,
1153,
1154,
1155,
1156,
1157,
1158,
1159,
1160,
1161,
1162,
1163,
1164,
1165,
1166,
1167,
1168,
1169,
1170,
1171,
1172,
1173,
1174,
1175,
1176,0.269517 454.01 173.02 145.94 72.66 0
1177,
1178,
1179,
1180,
1181,
1182,
1183,
1184,
1185,
1186,
1187,
1188,
1189,
1190,
1191,0.298511 455.89 177.20 145.19 69.56 0
1192,0.290343 453.07 176.28 147.41 70.48 0
1193,0.332231 453.75 175.71 146.81 70.49 0
1194,0.274760 451.77 174.34 148.75 71.47 0
1195,
1196,
1197,
1198,
1199,
1200,
1201,
1202,0.253233 456.82 176.74 143.79 69.91 0
1203,0.266398 455.21 175.73 145.32 70.52 0
1204,
1205,
1206,
1207,
1208,
1209,
1210,
1211,
1212,
1213,
1214,
1215,
1216,
1217,
1218,
1219,
1220,
1221,
1222,
1223,
1224,
1225,
1226,
1227,
1228,
1229,
1230,0.264711 450.98 171.58 148.55 73.11 0
1231,
1232,
1233,
1234,
1235,
1236,
1237,
1238,
1239,
1240,
1241,
1242,
1243,
1244,
1245,
1246,
1247,
1248,
1249,
1250,
1251,
1252,
1253,
1254,
1255,
1256,
1257,
1258,
1259,
1260,
1261,
1262,0.250734 453.01 175.01 145.97 70.82 0
1263,
1264,
1265,
1266,
1267,
1268,
1269,
1270,
1271,
1272,
1273,
1274,
1275,
1276,
1277,
1278,
1279,
1280,
1281,
1282,
1283,
1284,
1285,0.263774 69.32 202.96 157.60 79.72 0
1286,0.352124 65.66 197.30 155.91 82.21 0
1287,
1288,
1289,
1290,
1291,
1292,
1293,
1294,
1295,
1296,
1297,
1298,
1299,
1300,
1301,
1302,
1303,
1304,
1305,
1306,
1307,
1308,
1309,
1310,
1311,
1312,
1313,
1314,
1315,
1316,
1317,
1318,
1319,
1320,
1321,
1322,
1323,
1324,
1325,
1326,
1327,
1328,
1329,
1330,
1331,
1332,
1333,
1334,
1335,
1336,
1337,
1338,
1339,
1340,
1341,
1342,
1343,
1344,
1345,
1346,
1347,
1348,
1349,
1350,
1351,
1352,
1353,
1354,
1355,
1356,
1357,
1358,
1359,
1360,
1361,
1362,
1363,
1364,
1365,
1366,
1367,
1368,
1369,
1370,
1371,
1372,
1373,
1374,
1375,
1376,
1377,
1378,
1379,
1380,
1381,
1382,
1383,
1384,
1385,
1386,
1387,
1388,
1389,
1390,
1391,
1392,
1393,
1394,
1395,
1396,
1397,
1398,
1399,
1400,
1401,
1402,
1403,
1404,
1405,
1406,
1407,
1408,
1409,
1410,
1411,
1412,
1413,
1414,
1415,
1416,
1417,
1418,
1419,
1420,
1421,
1422,
1423,
1424,
1425,
1426,0.289831 222.79 233.15 154.32 78.76 0
1427,
1428,
1429,
1430,0.289378 222.72 236.18 150.89 73.52 0
1431,0.325936 222.13 234.43 153.89 75.11 0
1432,0.321915 223.18 236.39 151.05 75.18 0
1433,0.362746 221.34 233.00 153.43 74.88 0
1434,0.269498 221.23 235.87 155.51 71.67 0
1435,0.309276 221.80 235.56 154.77 74.45 0
1436,
1437,
1438,
1439,
1440,
1441,
1442,
1443,
1444,
1445,
1446,
1447,
1448,0.293098 223.88 231.39 155.20 74.05 0
1449,0.329716 221.04 231.97 159.46 72.36 0
1450,
1451,
1452,
1453,
1454,0.398133 228.03 235.10 152.88 77.73 0
1455,0.407797 223.86 235.09 155.88 80.54 0
1456,0.439781 223.99 234.60 154.15 78.25 0
1457,0.452550 224.80 235.15 153.13 79.11 0
1458,0.435797 225.13 234.43 154.20 80.11 0
1459,0.417013 224.28 234.84 155.49 79.89 0
1460,0.463785 223.92 233.87 156.31 80.42 0
1461,0.533957 222.78 233.46 156.35 81.52 0
1462,
1463,0.306362 224.07 235.29 156.28 81.01 0
1464,0.300445 222.58 235.97 155.22 78.70 0
1465,0.390662 223.42 233.70 155.38 81.36 0
1466,0.377881 223.63 234.04 155.63 82.77 0
1467,
1468,
1469,
1470,
1471,
1472,
1473,0.253503 235.88 235.02 148.85 82.11 0
1474,0.334339 236.08 234.93 150.02 78.42 0
1475,0.429884 232.77 231.64 152.09 79.77 0
1476,0.333960 235.67 231.67 150.22 79.68 0
1477,0.336667 236.23 232.64 149.10 79.43 0
1478,0.376408 235.82 232.80 148.71 79.32 0
1479,0.381958 235.52 233.32 147.41 78.47 0
1480,0.339995 235.44 234.02 146.85 78.82 0
1481,0.447054 228.95 231.75 150.72 79.91 0
1482,0.334721 235.88 233.33 147.27 80.25 0
1483,0.329701 233.87 234.43 148.98 77.34 0
1484,0.392758 233.23 234.60 149.36 80.46 0
1485,0.478310 221.85 232.46 155.44 81.09 0
1486,0.515122 221.90 236.11 155.97 81.26 0
1487,0.419919 223.55 236.32 157.72 81.27 0
1488,
1489,
1490,0.325874 232.86 235.27 147.94 79.86 0
1491,
1492,
1493,0.268922 233.20 235.46 149.69 78.63 0
1494,
1495,0.286096 234.32 234.93 148.27 79.00 0
1496,0.301904 234.46 234.44 148.70 77.13 0
1497,0.360025 233.64 234.94 149.49 81.01 0
1498,
1499,
1500,
1501,
1502,
1503,
1504,
1505,
1506,
1507,
1508,
1509,
1510,
1511,
1512,
1513,
1514,
1515,
1516,
1517,
1518,
1519,
1520,
1521,
1522,
1523,
1524,
1525,
1526,
1527,
1528,
1529,
1530,
1531,
1532,
1533,
1534,
1535,
1536,
1537,
1538,
1539,
1540,
1541,
1542,
1543,
1544,
1545,
1546,
1547,
1548,
1549,
1550,
1551,
1552,
1553,
1554,
1555,
1556,
1557,
1558,
1559,
1560,
1561,
1562,
1563,
1564,
1565,
1566,
1567,
1568,
1569,
1570,
1571,
1572,
1573,
1574,
1575,
1576,
1577,
1578,
1579,
1580,
1581,
1582,
1583,
1584,
1585,
1586,
1587,
1588,
1589,
1590,
1591,
1592,
1593,
1594,
1595,
1596,
1597,
1598,
1599,
1600,
1601,
1602,
1603,
1604,
1605,
1606,
1607,
1608,
1609,
1610,
1611,
1612,
1613,
1614,
1615,
1616,
1617,
1618,
1619,
1620,
1621,
1622,
1623,
1624,
1625,
1626,
1627,
1628,
1629,
1630,
1631,
1632,
1633,
1634,
1635,
1636,
1637,
1638,
1639,0.255939 455.25 176.91 144.77 69.01 0
1640,
1641,
1642,0.279055 460.17 178.37 140.82 69.00 0
1643,0.269804 460.50 177.80 140.45 69.51 0
1644,0.269165 460.09 178.11 140.94 69.29 0
1645,0.263908 460.44 178.01 140.78 69.19 0
1646,0.261702 460.27 177.78 141.12 69.39 0
1647,0.271555 460.19 177.68 141.48 69.30 0
1648,0.259011 459.90 177.51 141.38 69.45 0
1649,
1650,
1651,
1652,
1653,
1654,
1655,
1656,
1657,
1658,
1659,
1660,
1661,0.258261 455.57 177.23 144.38 68.47 0
1662,0.265768 455.37 176.36 145.03 69.44 0
1663,0.257253 454.75 177.65 145.49 68.20 0
1664,
1665,
1666,0.251275 453.75 174.21 145.80 71.57 0
1667,0.256248 455.37 176.55 145.08 69.51 0
1668,
1669,
1670,
1671,
1672,
1673,
1674,
1675,
1676,0.317373 186.90 200.70 163.75 80.53 0
1677,
1678,
1679,
1680,
1681,
1682,
1683,
1684,
1685,
1686,
1687,
1688,
1689,
1690,
1691,
1692,
1693,
1694,
1695,
1696,
1697,
1698,
1699,
1700,
1701,
1702,
1703,
1704,0.305187 67.43 196.68 154.67 77.21 0
1705,
1706,
1707,
1708,
1709,
1710,
1711,
1712,
1713,
1714,
1715,
1716,
1717,
1718,
1719,
1720,
1721,
1722,
1723,
1724,
1725,
1726,
1727,
1728,
1729,
1730,
1731,
1732,
1733,
1734,
1735,
1736,
1737,
1738,
1739,
1740,
1741,
1742,
1743,
1744,
1745,
1746,
1747,
1748,
1749,
1750,
1751,
1752,
1753,
1754,
1755,
1756,
1757,
1758,
1759,
1760,
1761,
1762,
1763,
1764,
1765,
1766,
1767,
1768,
1769,
1770,
1771,
1772,
1773,
1774,
1775,
1776,
1777,
1778,0.297587 194.93 203.37 150.35 78.27 0
1779,
1780,
1781,
1782,0.300752 275.87 105.99 101.71 58.67 0
1783,0.266054 275.93 107.70 101.89 56.54 0
1784,0.251971 278.62 108.59 98.86 55.75 0
1785,
1786,
1787,
1788,
1789,
1790,
1791,
1792,
1793,
1794,
1795,
1796,
1797,
1798,
1799,
1800,
1801,
1802,
1803,
1804,
1805,
1806,
1807,
1808,
1809,0.276095 145.05 230.10 148.35 75.54 0 0.272363 83.82 174.17 136.80 79.22 0
1810,
1811,0.253045 142.99 227.02 149.06 69.83 0
1812,0.278527 141.49 225.52 152.37 70.27 0 0.277627 427.75 0.41 92.29 40.33 0
1813,
1814,
1815,
1816,
1817,0.292216 428.21 0.63 91.30 42.98 0
1818,
1819,
1820,
1821,
1822,
1823,
1824,
1825,
1826,0.266235 136.40 223.77 155.98 65.28 0
1827,0.254304 134.57 223.60 157.98 65.38 0
1828,
1829,
1830,
1831,
1832,
1833,
1834,
1835,
1836,
1837,
1838,
1839,
1840,
1841,
1842,
1843,
1844,
1845,
1846,
1847,
1848,
1849,
1850,
1851,
1852,
1853,
1854,
1855,
1856,
1857,
1858,
1859,
1860,
1861,
1862,
1863,
1864,
